page_action_detail,count
Zoek in werk.nl,82
cv,29
beleidsregels,16
afspiegeling,14
werkverkenner,12
wajong,10
kansverkenner,9
test,9
inschrijven,9
werkplein,8
competentieatlas,7
berichten,7
interessetest,6
mijn uwv,6
receptionist,6
interesse test,6
transitievergoeding,6
werkgevers,6
beleidsregels ontslagtaak,5
cv's,5
cv maken,5
wwb,5
vaststellingsovereenkomst,5
proefplaatsing,5
toevoegen bericht,5
tewerkstellingsvergunning,4
schoonmaak,4
koerier,4
collectief ontslag,4
intake,4
bijstandsuitkering,4
werk gevonden,4
afspiegelen,4
participatiewet,4
zzp,4
kinderopvang,4
inschrijven werkzoekende,4
vakantie,4
afspiegelingstool,4
arbeidsmarkt,4
vrijwilligerswerk,3
ouderen,3
aanvulling,3
doelgroepregister,3
digid,3
afspiegelingsbeginsel,3
schoolverlater,3
vakantiedagen,3
lightbox,3
ziek,3
inloggen,3
werkvergunning,3
bijstand aanvragen,3
beroepen,3
testen,3
wederzijds,3
groepsleider in de kinderopvang,3
toeslag aanvragen,3
twv,3
opzegtermijn,3
eures,2
informatie en tips,2
werkgeverservicepunt,2
vakantie doorgeven,2
werkgebied,2
werkmap,2
kwaliteitenatlas,2
bakkerij,2
toeslagen,2
adreswijziging,2
kansenverkenner,2
login algemeen,2
groepsleider kinderopvang,2
vacature plaatsen,2
expedite work,2
voorbeeld cv,2
bedrijfsvestiging,2
stap5 overzicht werkervaring vacatureplaatsen,2
zzp-er,2
dierenartsassistent,2
Aanvraagformulier UWV,2
voorschot,2
Berichten,2
buitenland,2
jongeren,2
bewijs van inschrijving,2
expeditie work,2
WAO,2
intresse test,2
opleidingen,2
inschrijfbewijs van het uwv werkbedrijf,2
verpleegkundige,2
bezwaarmaken,2
beveiliger,2
english,2
inschrijfprocedure,2
Vakantie doorgeven,2
juridisch,2
ondernemer,2
ww bij urenaftrek,2
detachering,2
Ondernemer,2
taken uwv,2
formulieren bijstandsuitkering,2
interesse lijst,2
facilitair manager,2
uitkering aanvragen,2
interesselijst,2
werkkwaliteiten,2
ww aanvragen,2
werkpleinen,2
cv zoeken,2
cvs,2
minder uren,2
64 jaar,2
iaow,2
participartie baan,2
magazijn,2
ontslagvergunning,2
toeslagenwet,2
administratie,2
timing,2
administratief medewerker,2
intern begeleider,2
groepsleider magazijn,2
sociaal minimum,2
kapster,2
payroll,2
starter,2
inschrijven als werkzoekende,2
bbz,2
administratief,2
beëindigingsovereenkomst,2
restrurant,2
vacatures,2
waar ben je goed in,2
werkkwaliteiten test,2
bezwaar,2
reorganisatie,2
Ziek uit dienst,2
expeditiework,2
formulier inkomsteopgave,2
telefoonnummer,2
filiaalmanager,2
zwangerschapsverlof,2
overgang van onderneming,2
intressetest,2
grensoverschrijdende dienstverlening,2
werkblad,2
banenmarkt,2
zoekenvanvacatures,2
zez regeling,2
zez,2
uitkering stoppen,2
competentie atlas,2
test werkkwaliteiten,2
distributie,2
wijzigingsformulier,2
monteur,2
Cv,2
werken zonder loon met behoud van uitkering,1
werkspot,1
IRO,1
WERKbedrijf,1
pw,1
Vaststellingsovereenkomst,1
banenbeurs,1
Eigen bedrijf starten,1
recepionist,1
36 wken,1
ww uitkering berekenen,1
schoonmaakster,1
aancvraag proefplaatsing,1
buitenlandse werknemer,1
plaatsmakersregeling,1
rekenmodel afspiegeling,1
oudere werknemers,1
pensioengerechtigde,1
aanvraag ontslagvergunning versturen,1
rekenmodule,1
netwerk,1
ondernemingsplan,1
Stap 01,1
werkervaringsplaats,1
tw,1
woonbegeleiders,1
inbedrijfsteller,1
Participatiewet,1
uitwisselbare functie,1
Informatie en tips,1
10 stappen,1
toetsing,1
netwerkmarketing,1
hoogte ww uitkering,1
emailinstelling onderhouden,1
qc manager,1
duits,1
ontslag wederzijds,1
beter melden,1
vliegtuigschoonmaken,1
hoe lang duurt mijn uitkering,1
Tiglassen,1
berekening afspiegelingsbeginseltool,1
datum laatste werkdag,1
toetsing uwv functiewissel,1
school,1
ww,1
toeslagenwegt,1
stagiaire,1
Opruimer,1
mijn werk map,1
leer-werkplek,1
stage lopen,1
wanneer vraag ik ww uitkering aan,1
nul uren contact,1
wia,1
onderwijsassistent,1
grensarbeider,1
toeslag uwv,1
betaal datum,1
toeslagen wet,1
inlichtingsformulier,1
onderner,1
toeslagenwet aanvragen,1
starten,1
loon,1
CV zoeken,1
studeren,1
wegwijzer,1
voorschotbijstand,1
telefoon nummer,1
test u zelgf,1
niet-werkende werkzoekende,1
sollicitaties doorgeven,1
passende arbeid,1
activeringscode,1
ontslag proeftijd eigen risicodrager,1
ziekmelden,1
wat zijn sollicitatieacties,1
ontslag en ww,1
plan van aanpak,1
finaciele voordelen,1
trends en ontwikkeling,1
Bewijs van inschrijving,1
zelfstandig werkend kok,1
Ontheffing sollicitatieplicht,1
Deeltijdontslag,1
wewrkgevers,1
inloop,1
supervisor resources,1
arbeidsmarktinformatie jeugdwerkloosheid,1
deskundig asbest verwijderaar,1
leerwerkplek,1
uwv,1
ontslag wegens disfunctioneren,1
beeindigingsovereenkomst,1
oud recht,1
functie wissel,1
open sollicitatie,1
36 weken,1
bedrijfsplan,1
vacature sollicitatie,1
bijstand,1
stage,1
koken,1
uren beschikbaar,1
jeugdwerkloosheid,1
cv wijzigen,1
Tweede sollicitatie,1
nteresselijst,1
spreekuur,1
verblijfsvergunning,1
asbest verwijderaar,1
asbestverwijderaqar,1
aanvraag uitkering,1
vakantie aanvragen,1
faillisement,1
besluit werkgebieden uwv,1
Bouw opruimer,1
eigen risicodrager ww,1
hoe lang is mijn inschrijving geldig,1
fysiotherapeut,1
dierenverzorger,1
garantiedagloonregeling,1
digitale d,1
vakantie uren,1
collectief vrije dagen,1
uwv tool,1
vacature kwaliteitsmedewerker voedingsmiddelenindustrie,1
boekhouden,1
ontslag,1
ontslagvergoeding,1
einen risico drager ontslag binnen proeftijd,1
tewerkstellingsvergunning stagiair,1
Zzp worden,1
werkgever failliet,1
aanmelden als werkgever,1
mij sollicitatie activiteiten,1
melding collectief ontslag,1
Chefeur,1
tewerkstelling,1
Schoonmak,1
handleidingen,1
hoogte ww uitkeruing,1
ww check,1
markplaats,1
bijzondere bijstand,1
Lasser,1
mijn vacatures,1
Glazenwasser,1
verzuimmeldingen,1
Download pdf,1
berictenservice,1
Juwelier,1
te werk stelling,1
werk en inkomen,1
hairstylist,1
werkwaardentest,1
ondertekening,1
Ontslag met wederzijds goedvinden na 2 jaar ziekte,1
werkkwalitieten,1
ontslag wederzijds goedvinden,1
Schonmaak,1
schildere,1
cwi,1
bedrijfsprofiel,1
wijzigingen,1
inlichtingenformulier,1
administrateur,1
mij solliciteiten activitijten,1
mijn solicitatieactiviteiten,1
ketenbepaling,1
vrijwaring,1
werkgebieden uwv,1
vreemdeling,1
redacteur,1
uitkering,1
collectief ontslag or,1
werkgegevens,1
ziekte en werk,1
eigen zaak vanuit de ww,1
kosten,1
reintegratie,1
mijn werk.nl,1
Invullen formulier Inkomstenopgave,1
stap6 wensen vacatureplaatsen,1
aanhangsel arbeidsovereenkomst en transitievergoeding,1
ophoging contract,1
WSW,1
psycholoog,1
oproepkracht,1
zelfstandige,1
bedrijfssluiting,1
uitbetaling,1
inlog werkmap,1
voorbeeld brief verlenging naar onbepaalde tijd,1
De Rapportage (N)WW < 27 jaar geeft maandelijks de ontwikkelingen weer voor het aantal WW-uitkeringe,1
werkgeversportaal,1
Webinars,1
inloggem,1
callcenter medewerker,1
Administratie,1
opleiding,1
webinars volgen,1
adres ajd,1
informatie,1
drempel fucties,1
wij uitkering,1
faillissement,1
manager handel,1
rapportage ouderen,1
mij solitieittie activitieiten\],1
Contract eindigt,1
administratief medewerker secretariaat,1
wwtoeslag,1
Goudsmid,1
vluchteling en werken,1
ga naar kansverkenner,1
vluchteling en werk,1
test werkwaarden,1
Hoogte uitkering,1
ww berekenen,1
ophoging,1
inkomstenformulier,1
psychologie,1
toeslag ww,1
Edelsmid,1
oproepkracht bloemen,1
bijstandsfraude,1
werkpleinbaanzicht,1
werkgegevens invullen,1
dagtekening,1
opzegtermijn vaststellingsovereenkomst,1
opleiding volgen,1
salarisadministrateur,1
opvang,1
Voorlader magazijn met rijbewijs C,1
lean,1
Zwem onderwijzer,1
gastvrouw,1
nul urencontract,1
woz waarden,1
arbeidsmarktadvies,1
vanuit de ziektewet naar ww,1
tewerkstellingsvergunningen,1
subsidie,1
cv aanmaken,1
Uren wijzeging formulier,1
Wijzeging uren,1
register,1
sollicitatieformulier,1
nieuwe beroepen',1
notificatieformulier,1
uitwisselbare,1
sollicitatiebrief,1
Tewerkstellingsvergunning,1
hoe voeg ik een document toe aan de werkmap,1
doorwerken na 65 jaar,1
facturist,1
Tig lassen,1
Leerwerktraject,1
tips voor werk,1
Matrose,1
WAO ontslagvergoeding,1
handboek,1
verlengen werkvergunning,1
bijstandsnorm,1
stage opdoen vreemdeling,1
branches,1
Vestiging,1
werken in het buitenland,1
subsidiemedewerker,1
test jezelf',1
groepsleider in een magazijn,1
jeugd dienstverlening,1
betaaldata ww,1
bezwaar tegen korting,1
inkomen berekenen,1
vreemdelin,1
uitleg doorgeven sollictatie activiteiten,1
afspiegelingbeginsel,1
uitkering en opleiding,1
groepsles instructeur,1
ontslagregeling,1
voorbeeld CV,1
bouw,1
formulieren ontslagaanvraag,1
formulier collectief ontslag,1
toeslagen nl,1
wmco,1
competentieadlas model,1
aanvullende uitkering,1
hoogte WW,1
sollicitatie activiteiten,1
passende functie,1
arbeidsmarktregio,1
werderzijds,1
aanvragen uitkering,1
starten onderneming,1
afspieglen,1
dakdekker,1
ontslag UWV,1
rusland,1
Ontslag na 2 jaar ziekte,1
beleidsregels ontslagtaak UWV vanaf 1 juli 2015,1
omscholen,1
inkomen,1
taken groepsleider kinderopvang,1
taxi sh,1
ict,1
inschrijving werkzoekende,1
kwaliteitstest,1
Banen- en Informatiemarkt 2015,1
fotograaf,1
natuurbeheer,1
Ecologie,1
Ik ben zelfstandige en wordt werkloos,1
sloper,1
doelgroepen,1
formulier sollicitatie activiteiten,1
distributiemonteur,1
personeelsbeleid,1
voorlader magezijn,1
uitvoeringsregeling,1
helpende,1
werkzoekende,1
liftmonteur2,1
kost verblijf,1
ontslag met wederzijds,1
garantieloon,1
Fiets,1
kwaliteitsfunctionaris,1
kwaliteits medewerker,1
kansen,1
kandidaten,1
permit,1
electrical engineer,1
bedrijfs beeindiging,1
werk.nl,1
motievatiebrief,1
aanvullende ww,1
Kapster,1
Voor jezelf beginnen,1
voorkeursbeleid,1
handleiding cv op werk.nl,1
nulurencontract,1
inschrijf procedure,1
muziekant,1
afspraak maken,1
schoonmaker,1
werkgeversservicpunt,1
UWV,1
leerwerktraject,1
kenyaan,1
berichten invoeren,1
Cv maken,1
ontslag nemen,1
muzikant,1
werkplekanalyse,1
leerwerk traject,1
activeren vacature,1
somatiek,1
codering,1
stagevergoeding,1
Zzp test,1
loonheffingsnummer,1
werkatlas,1
kenia,1
schoonmaker\,1
planner,1
solicitatie verplichit leeftijd,1
IOAW aanvragen,1
solicitatie verplichit 64 jaar,1
formulier bijstandsuitkering,1
beschut,1
zorg en welzijn niveaa 1,1
regestreren,1
weekblad,1
opticien,1
relatiebeding,1
weerkblad,1
folder,1
maandblad,1
werken voor minder salaris,1
boa,1
chauffeur klein rijbewijs,1
Aanvraag bijstand,1
ww opzeggen,1
medisch secretaresse,1
ziek melden,1
chauffeur klein rijbewijs (koerier,1
loonsanctie,1
werken,1
klacht indienen,1
pensioen,1
zorg en welzijn niveau1,1
liftmonteur,1
lijst,1
stages,1
werkplein afspraak maken,1
werkplan,1
Mijn cv,1
zorg niveau 1,1
betaal specificatie,1
Faillissement,1
Afspraakbanen,1
reiskostenvergoeding,1
loonstrookje,1
vakantie dorgevn,1
Tool,1
Leerbaan,1
bediening personeel,1
dichtstbijzijnde werkplein,1
bediening,1
64en order sooicitatieverplicht,1
Aanvraag beoordeling arbeidsvermogen,1
leeftijd solicietatiel verplichit,1
briefadress,1
iban,1
vakantiedasgen,1
rekeningnummer uwv,1
ww rekenhulp,1
sollicitatie formulier,1
ontslag aanvragen,1
rekeningnummer,1
functie,1
tot wanneer loopt mijn uitkering,1
curricalum vitae,1
werkgeversservicepunt,1
technisch medewerker,1
arbeidsmarktontwikkelingen,1
bijstandsuitkering aanvragen,1
kroatië,1
toon meter,1
curicalum vitae,1
partipicatie,1
inlog,1
mutatieformulier,1
salaris,1
Cv e,1
anciniteit,1
hoogte salaris,1
informatie over beroepen,1
beleidsregels ontslag,1
handleiding cv plaatsen,1
Formulier toeslag aanvragen,1
bbl,1
Haarstilist,1
Credit Controller,1
therapeut,1
logistiek medewerker,1
doelgroep banenafspraak,1
voortzetting ww na ziekte,1
competentiestest,1
app,1
ontslagtaak uwv,1
zelfstandigen,1
anciënniteit,1
ibannummer uwv,1
format cv,1
trends,1
werk zoekende,1
formulier proefplaatsing,1
indicatie aanvragen,1
Werk advisor,1
ontslagregels,1
reorganisatieplan,1
scholing met behoud,1
curriculum vitae,1
minimum bijstendsuitkering,1
partipicatieweg,1
mantelzorg,1
Werk zoeken,1
kwaliteits,1
doelgroepregsiter,1
Vrijstelling sollicitatieplicht,1
mijn UWV,1
Catering,1
Curriculum vitae,1
wsw,1
garantie dagloon,1
ontslag met wederzijds goedvinden,1
cv raad,1
verblijfskaart F,1
iv,1
aanvraag aanvulling,1
burgezaken,1
ck werkgever,1
verweerformulier,1
geen digid,1
waar vind ik cv,1
toon taken,1
scholing,1
cv werkgever,1
Rijwielcentrale,1
vog formulieren,1
verblijfskaart,1
Cvs bij mijn vacature,1
klachten,1
missie uwv,1
blad,1
uitkering aanvragen zonder DigiD,1
uitvoeringsregels wav,1
verweer formulier ontslag,1
zez-regeling,1
cv verlengen,1
lerenenwerken,1
nabetaling,1
format cv maken,1
fallissement,1
afspiegelingsbegin,1
INTERESSE TEST,1
werkgebied UWV,1
CV,1
uitkering af melden,1
taaleis,1
bedrijfs adviseur,1
formulier bijverdienen,1
zorgtoeslag,1
bedrijfsadviseur,1
werken met jongeren,1
waz,1
aanvulling ww,1
sollicitatiegesprek,1
inkomsten,1
magazijnmedewerker,1
Voorschot,1
verblijfs,1
uitkering beeindigen,1
groep,1
inschrijven als werkzoekende ziek,1
digi,1
fallissementsuitkering,1
uitwisselbaarheid,1
test uw intresses,1
gezondheidszorg,1
vrijwilligerswerk doorgeven,1
UWV formulieren,1
proefplaatsin,1
online,1
gerichte sollicitatiebrief,1
nieuwe regels ww,1
werkzoekende inschrijven,1
beroepskeuze,1
dossier ontslag,1
kwijtscheldingsformulier,1
test jezelf,1
als zzp starten,1
communicatieadviseur,1
Werk en solliciteren,1
taxi,1
tot wanneer heb ik ww,1
maatschappelijk,1
C.v maken,1
22 september,1
regiokansen,1
rekenprogramma afspiegeling,1
toekomstloket,1
medewerker burgerzaken,1
Cv beter,1
ischrijven,1
Wajong,1
detachering uit isreael,1
ontslagtaak,1
praktijkopleider,1
scholing ouderen,1
Tip en trucs voor c.v,1
Percentage werkloosheid,1
betalingsonmacht,1
vacature maken,1
opzegtermijn bij ontslagvergunning,1
Bouw medewerker,1
Medewerker schoonmaak,1
jeugd,1
Telefoon,1
Profielschets maken,1
notificatieplicht,1
hoelang krijg je ww uitkering,1
omscholing,1
werkgebeid,1
wajong werkt,1
betaald niet,1
bepalen werkgebied,1
burgerzaken,1
inschrijven werk.nl,1
maatschappelijk werk,1
talenten test,1
werkloosheid,1
uitkering stpprn,1
BIJZONDERE BIJSTANDUITEKERING AANVRAGEN,1
callcenter,1
voor jezelf beginnen,1
werkbedrijf,1
hoogte,1
wat vind je leuk,1
work permit,1
70%25 van de salaris,1
Kansverkenner,1
opzeggen,1
Inschrijving werkzoekende,1
formulier  inkomsten opgave,1
Bijstand,1
"hoe weet ik of ik nog ingeschreven sta,als ik mijn herstel code van digd nog moet ontvangen?",1
cv lezen,1
participipatiewet,1
verkorte wachttijd wia,1
verkoopspecialist,1
adres werkplein,1
formulier beeindigingsovereenkomst,1
ondernemersplan,1
account activeren,1
Zoek melden,1
lijst bewijsstukken aanvraag bijstandsuitkering,1
Toeslag,1
vacature  zoeken,1
deeltijdontslag,1
formulier vaststellingsovereenkomst,1
IOAW,1
Voorbeeld cv,1
ondernemenr,1
enquete verwijderen vacature,1
uitkering beeindogen,1
onderzoek,1
ondernemers,1
inloop spreekuur,1
inloopspreekuur,1
Contract,1
handhaver,1
pensione,1
email,1
vestiging zoeken,1
zwngerschapsverlof,1
actief,1
AJD contact,1
inkomen opgeven ww,1
startersregeling,1
Afspraak,1
Tegelzetter,1
handleiding ww-uitkering aanvragen,1
bepaalde tijd contracten,1
wat is een fiscaal nummer,1
bestuursrecht,1
uw werkmap,1
operator,1
sollicitanten,1
Toeslagenwet,1
recht op uitkering,1
groepsleerkracht harderwijk,1
loods,1
hoe hoog is de uwv uitkering,1
opgeven inkomsten,1
kans op werk,1
E301,1
hoe lang,1
einde jaarcontract,1
werk in de beveiliging,1
loongarantie,1
besluit arbeidsverhoudingen 1945,1
mijn werk,1
Zelfstandig,1
test uzelf,1
hoe dient een buitenlander ww aan te vragen,1
beleidstaak ontslag,1
tewerkstelligsverguning,1
christelijk lyceum,1
apothekersassistente,1
Proefplaatsing,1
test geschiktheid,1
Buitenland,1
marktonderzoek,1
uitkering ww,1
ioaw,1
vacature nplaatsen,1
PDU1 deutsch,1
Ziek melden,1
afspeigeling,1
congierge,1
Hoogte IOAW,1
omsholen,1
wordt uitkering maandelijks uitbetaald?,1
hoe lang uitkerinh,1
ajd,1
BBZ,1
formulieren,1
afspiegel,1
binnen welke tijd moet ww worden aangevraagd,1
apotheek,1
Administratief medewerker / servicedesk,1
