xps_info,count
image_DigiD,2859
image_dienstverlening,791
download_model_beeindigingsovereenkomst_dienstverband,422
image_online trainingen,286
download_model_arbeidsovereenkomst_voor_bepaalde_tijd,242
download_subtitles_werkbedrijf,220
download_voorbeeld_cv_a-chronologisch,205
image_012949,136
image_starten_als_zelfstandige,133
image_211818,130
download_model_arbeidsovereenkomst_voor_onbepaalde_tijd,118
image_211676,112
download_toelichting_uitwisselbare_functies,88
download_voorbeeld_cv_vaardigheden,78
image_212444,66
download_Formulier_Mijn_sollicitatieactiviteiten,65
download_alles_over_ontslag_met_wederzijds_goedvinden,65
download_toelichting_afspiegelingsbeginsel,63
image_211830,60
image_211975,60
download_voorbeeld_sollicitatiebrief_secretaresse,59
download_toelichting_herplaatsing,58
download_brochure_toelichting_overgang_van_onderneming,58
download_voorbeeld_sollicitatiebrief_docent_lichamelijke_opvoeding,57
download_toelichting_berekening_duur_dienstverband,56
download_voorbeeld_sollicitatiebrief_fractiesecretaresse_groen_links,56
download_brochure_technische_en_ict_beroepen,55
download_toelichting_bedrijfseconomische_redenen,50
download_standaard_vragen_en_moeilijke_vragen_tijdens_een_sollicitatiegesprek,49
download_toelichting_bedrijfsvestiging,45
image_213133,44
image_werk.nl_home,43
image_214198,42
image_211042,41
download_subtitles_ontslag,40
image_211980,39
download_brochure_ontslag_om_bedrijfseconomische_redenen,35
download_voorbeeld_sollicitatiebrief_docent_marketing,33
download_voorbeeld_sollicitatiebrief_metaalbewerker,33
download_subtitles_sollicitatie_verplichtingen,32
download_brochure_welke_beroepen_bieden_kansen,31
image_014546,30
image_010173,28
image_211991,27
image_013817,27
image_009993,26
download_toelichting_verwijtbaar_handelen_of_nalaten,25
download_formulier_mijn_sollicitatieactiviteiten,25
download_toelichting_deeltijd_ontslag,24
image_211821,24
image_1713827,24
download_toelichting_disfunctioneren,24
download_brochure_winterjobs_in_europe,23
download_brochure_toelichting_collectief_ontslag,22
download_formuliergrensoverschrijdende_dienstverlening,22
image_211678,21
download_voorbeeld_indeling_en_inhoud_sollicitatiebrief,20
image_212424,20
image_010172,19
download_brochure_procesindustrie,18
download_formulier_model_beeindigingsovereenkomst_wederzijds_goedvinden,17
download_overzicht_onderbouwing_ontslagaanvraag,16
download_brochure_barometer_50plus,16
image_211959,16
download_subtitles_starten_als_zelfstandige_met_uitkering,16
download_brochure_toelichting_verstoorde_arbeidsrelatie,16
download_voorbeeld_sollicitatiebrief_open_solliciatie_allround_medewerker_DTP,16
download_brochure_living_and_working_in_the_netherlands_engels,16
download_voorbeeld_indeling_en_inhoud_open_sollicitatiebrief,15
download_toelichting_onmisbare_werknemer,15
image_013846,15
download_subtitles_dress_for_success,15
Gebruikershandleiding UWV-tool Afspiegelingsberekening downloaden,15
download_checklist_voor_uw_sollicitatiegesprek,15
image_212183,15
download_voorbeeld_sollicitatiebrief_open_sollicitatie_marketeer,14
download_brochure_UWV_arbeidsmarktprognose_2015_2016,13
download_toelichting_veelvuldig_ziekteverzuim,13
image_014521,13
download_toelichting_zwakke_arbeidsmarktpositie,13
download_toelichting_procedurele_aspecten,12
download_brochure_de_arbeidsmarkt_naar_opleiding_en_beroep_tot_2018,12
download_hoe_inschrijven_bij_het_UWV_pools,11
download_toelichting_toepassingsbereik_BBA,11
image_211682,11
image_1716476,11
image_werk.nl_werkmap_mijncv,11
image_de_rechtspraak,10
download_brochure_vervoer_en_opslag,10
image_014530,10
image_014543,9
download_toelichting_structurele_of_tijdelijke_werkvermindering,9
download_brochure_sectoren_in_beeld,9
image_werk.nl_werkmap_mijncv_09_persoonlijk_presentatie,9
download_brochure_alles_over_ontslag_met_wederzijds_goedvinden,9
download_toelichting_wederindiensttredingsvoorwaarde,9
download_brochure_producten_overzicht_afdeling_arbeidsmarktinformatie,9
image_beter_lezen_en_schrijven,8
download_brochure_zorg_samenvatting,8
image_werk.nl_werkmap_vactures_zoeken,8
download_subtitles_starten_als_zelfstandige,8
image_211820,8
image_211825,8
image_werk.nl_werkmap_vacatures_bij_mijn_cv,8
image_werk.nl_werkmap_mijncv_01_persoonlijkegegevens,8
download_brochure_technische_en_ict_beroepen_samenvatting,7
download_brochure_werken_in_Europa,7
image_werk.nl_werkmap,7
download_brochure_vormen_van_werk_en_werkgelegenheid_pools,7
image_211679,7
image_137539,7
image_010190,7
image_014436,6
image_1716480,6
download_brochure_UWV_tool_afspiegelingsbeginsel_berekening,6
download_overzicht_arbeidsmarktregios,6
download_brochure_toelichting_ontslagen_in_de_uitzendsector_Bijlage_B,6
download_brocuhure_na_de_WW_in_de_bijstand,6
image_werk.nl_werkmap_mijncv_10_instellingen_en_privacy,6
image_210881,6
download_subtitles_ondernemersplein.nl,6
download_brochure_checklist_are_you_prepared_for_the_Netherlands,6
image_werk.nl_uitkering,6
image_013006,6
image_211050,6
image_012890,5
download_brochure_wonen_werken_in_nederland_pools,5
image_1716474,5
image_211408,5
image_werk.nl_werkmap_documenten,5
download_brochure_ontslag_om_persoonlijke_redenen,5
download_toelichting_herstelbeschikking,5
image_012116,5
image_013278,5
image_werk.nl_werkmap_mijncv_06_talen,5
image_werk.nl_werkmap_mijncv_05_competenties,5
image_014518,5
image_211645,5
image_014527,4
image_werk.nl_werkmap_mijncv_08_interesses_en_hobbys,4
download_toelichting_uitstel_en_rappelbeleid,4
image_website_Digid_Inloggen,4
image_werk.nl_werkmap_mijncv_02_opleidingen_en_cursussen,4
image_werk.nl_werkmap_berichten,4
image_werk.nl_werkmap_mijncv_03_werkervaring,4
image_009587,3
image_008372,3
image_werk.nl_werkmap_mijncv_07_rijbewijs,3
image_211649,3
download_brochure_regio_beeld_2015_noord_limburg,3
image_werk.nl_werkmap_04_opleidingen_en_cursussen,3
download_subtitles_beter_leren_lezen_schrijven,3
image_werk.nl_werkmap_mijncv_04_zoekberoepen,3
download_hoe_inschrijven_bij_het_UWV_engels,3
image_werk.nl_werkmap_inschrijven_als_werkzoekende,3
image_werk.nl_werkmap_bewijs_van_inschrijving,3
image_werk.nl_werkmap_03_werkervaring,3
image_werk.nl_werkmap_overzicht_sollicitatieactiviteiten,3
image_1720385,3
download_melding_voornemen_tot_collectief_ontslag,2
image_010189,2
download_brochure_eures,2
download_brochure_kansrijke_beroepen_methodiek,2
image_1713837,2
download_brochure_ambachten_samenvatting,2
download_brochure_detailhandel_samenvatting,2
image_werk.nl_werkmap_01_persoonlijke_gegevens,2
image_212471,2
image_werk.nl_werkmap_02_wanneer_kunt_u_werken,2
image_werk.nl_werkmap_wijzing_werk_gevonden,2
image_werk.nl_werkmap_06_welke_functie,2
download_subtitles_ervaringscertificaat,2
image_werk.nl_werkmap_taken_en_sollicitatieactiviteiten,2
image_013275,2
image_1720397,2
image_010397,2
image_werk.nl_werkmap_rechten_en_plichten,2
image_werk.nl_werkmap_contact,2
image_010241,2
image_012551,1
image_212359,1
image_werk.nl_werkmap_07_controleren_en_versturen,1
image_011580,1
image_214234,1
image_011727,1
image_website_DigiD,1
download_brochure_waarom_werken_in_spanje,1
image_werk.nl_werkmap_document_toevoegen,1
download_voorbeeld_cv_spaans,1
image_werk.nl_werkmap_online_trainingen,1
image_werk.nl_werkmap_hoe_gaat_het_verder,1
download_brochure_flexwerk_na_de_WW,1
image_214194,1
image_werk.nl_werkmap_tips,1
download_brochure_waarom_werken_in_duitsland,1
download_brochure_groothandel_samenvatting,1
image_173177,1
image_212881,1
image_1723035,1
download_brochure_sectorbeschrijving_metalelektro_en_metaalnijverheid,1
